time_hr,voltage_V,temperature_C,SoC_percent
0.0,3.5804846174176133,25.0,100
0.010101010101010102,3.45247569106369,25.0,98.42171717171718
0.020202020202020204,3.3890479803724407,25.0,96.84343434343434
0.030303030303030304,3.256656087792448,25.0,95.26515151515152
0.03487735569695948,3.150114991213262,25.0,94.55041317235008
